[{"id":"1305","field_id":2,"fields":{"1":{"id":"1","type":"email","label":"Email","description":"","required":"1","size":"large","placeholder":"Enter Valid Email Address","confirmation_placeholder":"","label_hide":"1","default_value":"","css":""}},"settings":{"form_title":"Newsletter Form","form_desc":"","form_class":"newsletter-form","submit_text":"Submit","submit_text_processing":"Sending...","submit_class":"lar la-paper-plane","honeypot":"1","notification_enable":"1","notifications":{"1":{"email":"{admin_email}","subject":"New Newsletter Signup Form Entry","sender_name":"Jobhunt","sender_address":"{admin_email}","replyto":"","message":"{all_fields}"}},"confirmations":{"1":{"type":"message","message":"<p>Thanks for contacting us! We will be in touch with you shortly.<\/p>","message_scroll":"1","page":"244","redirect":""}}},"meta":{"template":"subscribe"}}]