{"last_tab":"","logo_svg":"1","scrollup":"1","register_login_page_id":"329","reg_image_size":"0","enable_live_search":"0","enable_location_geocomplete":"0","gmaps_api_key":"","header_top_bar_show":"1","header_style":"v1","header_enable_post_a_job":"1","header_post_a_job_icon":"la la-plus","header_post_a_job_title":"Post A Job","header_enable_secondary_nav":"1","header_secondary_nav_register_title":"Register","header_secondary_nav_register_icon":"la la-key","header_secondary_nav_login_title":"Login","header_secondary_nav_login_icon":"la la-sign-in","header_secondary_nav_user_page_title":"User Page","header_secondary_nav_user_page_icon":"la la-user","header_secondary_nav_logout_title":"Log Out","header_secondary_nav_logout_icon":"la la-sign-out","sticky_header":"1","sticky_header_default_color":"1","sticky_header_bg_color":"#202020","sticky_header_text_color":"#ffffff","footer_style":"v1","show_footer_widgets":"1","footer_copyright_info_enable":"1","footer_copyright_info":"&copy; 2018  <a href=\"#\">JobHunt</a>. All rights reserved. Design by <a href=\"https://madrasthemes.com/\">Madras Themes</a>","blog_view":"blog-default","blog_layout":"right-sidebar","single_post_layout":"right-sidebar","enable_post_placeholder_icon":"1","show_blog_post_author_info":"1","blog_page_title":"Blog","blog_page_subtitle":"Keep up to date with the latest news","404_page_bg_image":{"url":"https://demo.madrasthemes.com/jobhunt-elementor/wp-content/uploads/sites/60/2018/09/home-header.jpg","id":"640","height":"800","width":"1920","thumbnail":"https://demo.madrasthemes.com/jobhunt-elementor/wp-content/uploads/sites/60/2018/09/home-header-150x150.jpg","title":"home-header","caption":"","alt":"","description":""},"404_page_image":{"url":"https://demo.madrasthemes.com/jobhunt-elementor/wp-content/uploads/sites/60/2018/08/404.png","id":"479","height":"165","width":"488","thumbnail":"https://demo.madrasthemes.com/jobhunt-elementor/wp-content/uploads/sites/60/2018/08/404-150x150.png","title":"404","caption":"","alt":"","description":""},"404_page_page_title":"We Are Sorry, Page Not Found","404_page_sub_title":"Unfortunately the page you were looking for could not be found. It may be temporarily unavailable, moved or no longer exist. Check the Url you entered for any mistakes and try again.","404_page_button_text":"Back to Homepage","404_page_button_link":"#","use_predefined_color":"1","main_color":"pink-purple","custom_primary_color_1":"#fb236a","custom_primary_color_2":"#8b91dd","custom_secondary_bg_color":"#555555","custom_primary_text_color":"#ffffff","include_custom_color":"1","use_predefined_font":"1","jobhunt_title_font":{"font-family":"Oswald","font-options":"","google":"1","font-weight":"","font-style":"","subsets":"latin"},"jobhunt_content_font":{"font-family":"Open Sans","font-options":"","google":"1","subsets":"latin"},"top_bar_start":"","top_bar_end":"","masthead_start":"","masthead_end":"","sticky_header_start":"","sticky_header_end":"","footer_style_start":"","footer_style_end":"","footer_widgets_start":"","footer_widgets_end":"","footer_bottom_bar_start":"","footer_bottom_bar_end":"","styling_general_info_start":"","styling_general_info_end":"","redux_import_export":"","redux-backup":1}